{
  "meta": {
    "timestamp": "2026-06-24T04:01:00.418513+00:00",
    "iterations": 20,
    "warmup": 2,
    "mock_mode": true,
    "platform": "win32",
    "python_version": "3.13.12 (main, Feb  3 2026, 22:53:26) [MSC v.1944 64 bit (AMD64)]"
  },
  "benchmarks": {
    "llm": {
      "model": "Qwen2.5-7B-Instruct INT4",
      "prompt_tokenize": {
        "count": 20,
        "min": 1.0433001443743706,
        "avg": 1.9243050017394125,
        "p50": 1.9966000691056252,
        "p95": 2.020499901846051,
        "p99": 2.020499901846051,
        "max": 2.020499901846051,
        "std": 0.23442148179673963,
        "sla": "PASS",
        "sla_icon": "✅"
      },
      "generation": {
        "count": 20,
        "min": 382.88799999281764,
        "avg": 384.6232249867171,
        "p50": 383.9952000416815,
        "p95": 400.9867999702692,
        "p99": 400.9867999702692,
        "max": 400.9867999702692,
        "std": 3.8739378122792845
      },
      "generation_tokens_per_sec": 166.4,
      "e2e": {
        "count": 20,
        "min": 384.50730009935796,
        "avg": 386.13415501313284,
        "p50": 385.5024999938905,
        "p95": 400.5084000527859,
        "p99": 400.5084000527859,
        "max": 400.5084000527859,
        "std": 3.4153850446879512
      },
      "model_load": {
        "count": 5,
        "min": 500.6116998847574,
        "avg": 500.9191199671477,
        "p50": 500.99559989757836,
        "p95": 500.9977000299841,
        "p99": 500.9977000299841,
        "max": 500.9977000299841,
        "std": 0.17185691104028264,
        "sla": "PASS",
        "sla_icon": "✅"
      },
      "vram_usage_mb": 4200
    },
    "yolov11n": {
      "model": "YOLOv11 Nano ONNX",
      "preprocess": {
        "count": 20,
        "min": 2.98219989053905,
        "avg": 2.999149973038584,
        "p50": 3.000600030645728,
        "p95": 3.0167000368237495,
        "p99": 3.0167000368237495,
        "max": 3.0167000368237495,
        "std": 0.008134977360935944,
        "sla": "PASS",
        "sla_icon": "✅"
      },
      "inference": {
        "count": 20,
        "min": 15.99069987423718,
        "avg": 15.996379975695163,
        "p50": 15.997099922969937,
        "p95": 16.001999843865633,
        "p99": 16.001999843865633,
        "max": 16.001999843865633,
        "std": 0.002850198905872522,
        "sla": "PASS",
        "sla_icon": "✅"
      },
      "postprocess": {
        "count": 20,
        "min": 5.496799945831299,
        "avg": 5.949049990158528,
        "p50": 5.995900137349963,
        "p95": 6.03050016798079,
        "p99": 6.03050016798079,
        "max": 6.03050016798079,
        "std": 0.15145823621080295,
        "sla": "PASS",
        "sla_icon": "✅"
      },
      "e2e_fps": 43.5,
      "e2e_latency_ms": 23.0
    },
    "sam2": {
      "model": "SAM2 Hiera Tiny ONNX",
      "encoder": {
        "count": 20,
        "min": 80.96070005558431,
        "avg": 80.99606498144567,
        "p50": 80.99590009078383,
        "p95": 81.03569992817938,
        "p99": 81.03569992817938,
        "max": 81.03569992817938,
        "std": 0.014457877703693082,
        "sla": "PASS",
        "sla_icon": "✅"
      },
      "decoder": {
        "count": 20,
        "min": 20.95280005596578,
        "avg": 20.995904959272593,
        "p50": 20.997299812734127,
        "p95": 21.04040002450347,
        "p99": 21.04040002450347,
        "max": 21.04040002450347,
        "std": 0.01829107442321388,
        "sla": "PASS",
        "sla_icon": "✅"
      }
    },
    "asr": {
      "model": "Whisper Large V3 CTranslate2",
      "rtf": 0.0802,
      "audio_duration_s": 5.0,
      "per_second_latency": {
        "count": 20,
        "min": 80.41099994443357,
        "avg": 80.99488001316786,
        "p50": 80.9962002094835,
        "p95": 81.57139993272722,
        "p99": 81.57139993272722,
        "max": 81.57139993272722,
        "std": 0.18874450214262858
      },
      "model_load": {
        "count": 5,
        "min": 400.1261000521481,
        "avg": 400.8197800721973,
        "p50": 400.99320001900196,
        "p95": 400.9973001666367,
        "p99": 400.9973001666367,
        "max": 400.9973001666367,
        "std": 0.3877938573506795,
        "sla": "PASS",
        "sla_icon": "✅"
      }
    }
  },
  "summary": {
    "sla_counts": {
      "PASS": 8,
      "WARN": 0,
      "FAIL": 0
    },
    "total_metrics": 8,
    "overall_status": "PASS"
  }
}