{
  "meta": {
    "timestamp": "2026-06-24T04:01:44.946618+00:00",
    "iterations": 3,
    "warmup": 0,
    "mock_mode": true,
    "platform": "win32",
    "python_version": "3.13.12 (main, Feb  3 2026, 22:53:26) [MSC v.1944 64 bit (AMD64)]"
  },
  "benchmarks": {
    "llm": {
      "model": "Qwen2.5-7B-Instruct INT4",
      "prompt_tokenize": {
        "count": 3,
        "min": 1.1614998802542686,
        "avg": 1.5565666059652965,
        "p50": 1.5048000495880842,
        "p95": 2.0033998880535364,
        "p99": 2.0033998880535364,
        "max": 2.0033998880535364,
        "std": 0.4233305304988858,
        "sla": "PASS",
        "sla_icon": "✅"
      },
      "generation": {
        "count": 3,
        "min": 382.9427999444306,
        "avg": 383.3507999467353,
        "p50": 383.1118999514729,
        "p95": 383.99769994430244,
        "p99": 383.99769994430244,
        "max": 383.99769994430244,
        "std": 0.5665760392345383
      },
      "generation_tokens_per_sec": 166.9,
      "e2e": {
        "count": 3,
        "min": 385.34880010411143,
        "avg": 385.6176334278037,
        "p50": 385.51519997417927,
        "p95": 385.98890020512044,
        "p99": 385.98890020512044,
        "max": 385.98890020512044,
        "std": 0.33211668754221074
      },
      "model_load": {
        "count": 5,
        "min": 500.35319989547133,
        "avg": 500.86768004111946,
        "p50": 500.99490000866354,
        "p95": 501.0111001320183,
        "p99": 501.0111001320183,
        "max": 501.0111001320183,
        "std": 0.2877844832376165,
        "sla": "PASS",
        "sla_icon": "✅"
      },
      "vram_usage_mb": 4200
    },
    "yolov11n": {
      "model": "YOLOv11 Nano ONNX",
      "preprocess": {
        "count": 3,
        "min": 2.8931000269949436,
        "avg": 2.962833425650994,
        "p50": 2.996500115841627,
        "p95": 2.998900134116411,
        "p99": 2.998900134116411,
        "max": 2.998900134116411,
        "std": 0.060402816060367244,
        "sla": "PASS",
        "sla_icon": "✅"
      },
      "inference": {
        "count": 3,
        "min": 15.945600112900138,
        "avg": 15.979966692005595,
        "p50": 15.996099915355444,
        "p95": 15.998200047761202,
        "p99": 15.998200047761202,
        "max": 15.998200047761202,
        "std": 0.029780848856087647,
        "sla": "PASS",
        "sla_icon": "✅"
      },
      "postprocess": {
        "count": 3,
        "min": 5.874100141227245,
        "avg": 5.962100035200517,
        "p50": 6.006099982187152,
        "p95": 6.006099982187152,
        "p99": 6.006099982187152,
        "max": 6.006099982187152,
        "std": 0.07621014371118985,
        "sla": "PASS",
        "sla_icon": "✅"
      },
      "e2e_fps": 43.6,
      "e2e_latency_ms": 22.95
    },
    "sam2": {
      "model": "SAM2 Hiera Tiny ONNX",
      "encoder": {
        "count": 3,
        "min": 80.8464998845011,
        "avg": 80.94603335484862,
        "p50": 80.96730010583997,
        "p95": 81.0243000742048,
        "p99": 81.0243000742048,
        "max": 81.0243000742048,
        "std": 0.09078784548585826,
        "sla": "PASS",
        "sla_icon": "✅"
      },
      "decoder": {
        "count": 3,
        "min": 20.857400028035045,
        "avg": 20.955433370545506,
        "p50": 20.99570003338158,
        "p95": 21.013200050219893,
        "p99": 21.013200050219893,
        "max": 21.013200050219893,
        "std": 0.08534907632871865,
        "sla": "PASS",
        "sla_icon": "✅"
      }
    },
    "asr": {
      "model": "Whisper Large V3 CTranslate2",
      "rtf": 0.0802,
      "audio_duration_s": 5.0,
      "per_second_latency": {
        "count": 3,
        "min": 80.87169984355569,
        "avg": 80.93889996719857,
        "p50": 80.95550001598895,
        "p95": 80.98950004205108,
        "p99": 80.98950004205108,
        "max": 80.98950004205108,
        "std": 0.06062914238442053
      },
      "model_load": {
        "count": 5,
        "min": 400.85539990104735,
        "avg": 400.9455199353397,
        "p50": 400.9967998135835,
        "p95": 400.99740005098283,
        "p99": 400.99740005098283,
        "max": 400.99740005098283,
        "std": 0.07120222566811057,
        "sla": "PASS",
        "sla_icon": "✅"
      }
    }
  },
  "summary": {
    "sla_counts": {
      "PASS": 8,
      "WARN": 0,
      "FAIL": 0
    },
    "total_metrics": 8,
    "overall_status": "PASS"
  }
}