{
  "meta": {
    "timestamp": "2026-06-24T04:02:11.258424+00:00",
    "iterations": 3,
    "warmup": 0,
    "mock_mode": true,
    "platform": "win32",
    "python_version": "3.13.12 (main, Feb  3 2026, 22:53:26) [MSC v.1944 64 bit (AMD64)]"
  },
  "benchmarks": {
    "llm": {
      "model": "Qwen2.5-7B-Instruct INT4",
      "prompt_tokenize": {
        "count": 3,
        "min": 1.281399978324771,
        "avg": 1.757733291015029,
        "p50": 1.995400059968233,
        "p95": 1.9963998347520828,
        "p99": 1.9963998347520828,
        "max": 1.9963998347520828,
        "std": 0.4125170523399741,
        "sla": "PASS",
        "sla_icon": "✅"
      },
      "generation": {
        "count": 3,
        "min": 383.82330001331866,
        "avg": 383.93816670092446,
        "p50": 383.9945001527667,
        "p95": 383.99669993668795,
        "p99": 383.99669993668795,
        "max": 383.99669993668795,
        "std": 0.09948354991388098
      },
      "generation_tokens_per_sec": 166.7,
      "e2e": {
        "count": 3,
        "min": 384.53010004013777,
        "avg": 385.12553336719674,
        "p50": 385.3444999549538,
        "p95": 385.5020001064986,
        "p99": 385.5020001064986,
        "max": 385.5020001064986,
        "std": 0.5216389648631784
      },
      "model_load": {
        "count": 5,
        "min": 500.8730001281947,
        "avg": 500.96914004534483,
        "p50": 500.99559989757836,
        "p95": 500.9986001532525,
        "p99": 500.9986001532525,
        "max": 500.9986001532525,
        "std": 0.05417529255754878,
        "sla": "PASS",
        "sla_icon": "✅"
      },
      "vram_usage_mb": 4200
    },
    "yolov11n": {
      "model": "YOLOv11 Nano ONNX",
      "preprocess": {
        "count": 3,
        "min": 2.881099935621023,
        "avg": 2.9539999862511954,
        "p50": 2.989100059494376,
        "p95": 2.9917999636381865,
        "p99": 2.9917999636381865,
        "max": 2.9917999636381865,
        "std": 0.06314772685542752,
        "sla": "PASS",
        "sla_icon": "✅"
      },
      "inference": {
        "count": 3,
        "min": 15.905499923974276,
        "avg": 15.966433333232999,
        "p50": 15.964699909090996,
        "p95": 16.029100166633725,
        "p99": 16.029100166633725,
        "max": 16.029100166633725,
        "std": 0.061818351367621927,
        "sla": "PASS",
        "sla_icon": "✅"
      },
      "postprocess": {
        "count": 3,
        "min": 5.778399994596839,
        "avg": 5.882699973881245,
        "p50": 5.864399950951338,
        "p95": 6.005299976095557,
        "p99": 6.005299976095557,
        "max": 6.005299976095557,
        "std": 0.11455159767744844,
        "sla": "PASS",
        "sla_icon": "✅"
      },
      "e2e_fps": 43.6,
      "e2e_latency_ms": 22.96
    },
    "sam2": {
      "model": "SAM2 Hiera Tiny ONNX",
      "encoder": {
        "count": 3,
        "min": 80.11589990928769,
        "avg": 80.6499666068703,
        "p50": 80.83849982358515,
        "p95": 80.99550008773804,
        "p99": 80.99550008773804,
        "max": 80.99550008773804,
        "std": 0.46912972495473904,
        "sla": "PASS",
        "sla_icon": "✅"
      },
      "decoder": {
        "count": 3,
        "min": 20.842700032517314,
        "avg": 20.945633373533685,
        "p50": 20.996599923819304,
        "p95": 20.99760016426444,
        "p99": 20.99760016426444,
        "max": 20.99760016426444,
        "std": 0.08914429112305272,
        "sla": "PASS",
        "sla_icon": "✅"
      }
    },
    "asr": {
      "model": "Whisper Large V3 CTranslate2",
      "rtf": 0.0801,
      "audio_duration_s": 5.0,
      "per_second_latency": {
        "count": 3,
        "min": 80.938900122419,
        "avg": 80.9747667517513,
        "p50": 80.99250006489456,
        "p95": 80.99290006794035,
        "p99": 80.99290006794035,
        "max": 80.99290006794035,
        "std": 0.031062056038756176
      },
      "model_load": {
        "count": 5,
        "min": 400.46910010278225,
        "avg": 400.8635200560093,
        "p50": 400.97400010563433,
        "p95": 400.9993001818657,
        "p99": 400.9993001818657,
        "max": 400.9993001818657,
        "std": 0.22548147363000598,
        "sla": "PASS",
        "sla_icon": "✅"
      }
    }
  },
  "summary": {
    "sla_counts": {
      "PASS": 8,
      "WARN": 0,
      "FAIL": 0
    },
    "total_metrics": 8,
    "overall_status": "PASS"
  }
}